Name,PartNumber,Category,SubCategory,Collection,Style,ArtType,WoodType,Material,Color,Size,Weight,Dimensions,Price,MRP,Stock,Tag,HandPainted,BestSeller,NewArrival,GiftReady,IsActive,AmazonURL,Description,Image1,Image2,Image3,Image4,Image5
"Handcrafted Terracotta Handi Set of 3 with Lid (2000ml, 1500ml, 1000ml) | Traditional Clay Cook & Serve Pots | Eco-Friendly Earthenware Cookware for Authentic Flavor",HandiYR03,Minimal,Natural Terracotta,earthy-tones,,Hand Painted,,Terracotta,Rustic Red with White Tribal Artwork,"Large, Medium, Small",,,1499,2999,10,,Yes,No,No,No,Yes,,"Authentic Handmade Craftsmanship Each handi is carefully handcrafted from natural terracotta clay, showcasing traditional artistry with elegant tribal motifs.",https://m.media-amazon.com/images/I/61LIUAt9o6L.jpg,https://m.media-amazon.com/images/I/71bPx4TDbSL.jpg,https://m.media-amazon.com/images/I/61ZVwKlUiQL.jpg,https://m.media-amazon.com/images/I/71tKxHGxubL.jpg,https://m.media-amazon.com/images/I/71AySlPmAQL.jpg
Product,LV-6UTF-MNYL,Minimal,Natural Terracotta,earthy-tones,,,,,,,,,1199,2999,10,,No,No,No,No,Yes,,,https://m.media-amazon.com/images/I/616bjjrt1TL.jpg,https://m.media-amazon.com/images/I/719deQqKjbL.jpg,https://m.media-amazon.com/images/I/71Z6TQ+GT1L.jpg,https://m.media-amazon.com/images/I/71BMSmylWqL.jpg,https://m.media-amazon.com/images/I/71TQIYkm6JL.jpg
"Acacia Wood Chopping Board 14x12 Inch | Handmade Reversible Wooden Cutting Board for Kitchen | Pizza Platter Tray, Cheese Board, Bread & Meat Serving Board",ANDWCH02,Woodcraft,Kitchen Tools,kitchen-essentials,,,,Acacia Wood,brown,35.6L x 25.4W cm,,,455,999,55,,No,No,No,No,Yes,,"✔ Size: Length: 14 inches, Diameter: 10 inches – Perfectly sized for versatile kitchen use, offering ample space for chopping, slicing, and serving.",https://m.media-amazon.com/images/I/61VG0SBi2cL.jpg,https://m.media-amazon.com/images/I/71Dgr9z-gJL.jpg,https://m.media-amazon.com/images/I/71GnKFDRTKL.jpg,https://m.media-amazon.com/images/I/61afm0v+UAL.jpg,https://m.media-amazon.com/images/I/71GV57fy8yL.jpg
"Wooden Chopping Board with Steel Handle, Multipurpose Cutting Board for Vegetables, Fruits & Cheese, for Kitchen Use, BPA Free, Eco-Friendly, Anti-Microbial, Food Grade Safe",ChoppingBoardMangoH,Woodcraft,Kitchen Tools,kitchen-essentials,Chopping Board (30x20 CM),,,Mango Wood,Chopping Board (31x20.5 CM),31L x 20.5W cm,,,399,999,100,,No,No,No,No,Yes,,"Boards have an advantage over wooden cutting boards in that they are naturally antibacterial, anti-fungal and is biodegradable",https://m.media-amazon.com/images/I/61dGkPA9HRL.jpg,https://m.media-amazon.com/images/I/71NKOG8YOsL.jpg,https://m.media-amazon.com/images/I/719lA-qf9xL.jpg,https://m.media-amazon.com/images/I/71u27BRq4iL.jpg,https://m.media-amazon.com/images/I/814YQVTzlhL.jpg
"Large Non-Slip Pine Wood Cutting Board with Antibacterial Surface with Stainless Steel Handle, Chopping Board for Kitchen, Food Grade safe Cutting Board for Kitchen (Wood)",ChoppingboardTan,Woodcraft,Kitchen Tools,kitchen-essentials,,,,Wood,Tan Brown,Standard,,,449,899,25,,No,No,No,No,Yes,,"PREMIUM NATURAL WOOD: Crafted from high-quality natural wood with an attractive grain finish, offering durability, strength, and long-lasting performance for everyday kitchen use.",https://m.media-amazon.com/images/I/71aeM-lWn8L.jpg,https://m.media-amazon.com/images/I/71leEItMnRL.jpg,https://m.media-amazon.com/images/I/71MIjdB-IBL.jpg,https://m.media-amazon.com/images/I/71IvkeEDzXL.jpg,https://m.media-amazon.com/images/I/712H+i9W66L.jpg
"Wooden Chopping Board for Kitchen, Premium Wooden Cutting Board with Easy Grip Handle, Multipurpose Vegetable Fruit Meat Bread Cutting Board, Durable Serving & Chopping Board for Home Cooking",DarkBrownMangowood,Woodcraft,Kitchen Tools,kitchen-essentials,Chopping Board (30x20 CM),,,Mango Wood,Brown,Standard,,,399,899,25,,No,No,No,No,Yes,,"have an advantage over wooden cutting boards in that they are naturally antibacterial, anti-fungal and is biodegradable",https://m.media-amazon.com/images/I/71s7ykV70dL.jpg,https://m.media-amazon.com/images/I/71MplABcJ5L.jpg,https://m.media-amazon.com/images/I/71HCkEt+rXL.jpg,https://m.media-amazon.com/images/I/71JD75e-gGL.jpg,https://m.media-amazon.com/images/I/71XD5WkUGHL.jpg
"Wooden Pizza Platter & Chopping Board 14.17 Inch | Round Serving Board for Pizza, Bread & Snacks | Durable Wooden Cutting Board for Kitchen & Dining Use",LF/Pizza Platter,Woodcraft,Kitchen Tools,kitchen-essentials,,,,Wood,Brown,Standard,,,465,999,68,,No,No,No,No,Yes,,"Dual Purpose Pizza Platter & Chopping Board – Designed for both cutting and serving, making it a practical addition to your kitchen for pizza, bread, and snacks.",https://m.media-amazon.com/images/I/616yJ9Od3NL.jpg,https://m.media-amazon.com/images/I/71F2L-WNeYL.jpg,https://m.media-amazon.com/images/I/7159NLHRjjL.jpg,https://m.media-amazon.com/images/I/71cXbdYUgQL.jpg,https://m.media-amazon.com/images/I/71ZnwyZn32L.jpg
"Wooden Serving & Cutting Board with Handle – Food Grade, Eco-Friendly, Handcrafted Acacia Wood Chopping Board | Made in India | Kitchen, Cheese & Bread Board | Pizza Platter",WPPCH01,Woodcraft,Kitchen Tools,kitchen-essentials,,,,Wood,Wooden,Medium,,,399,999,19,,No,No,No,No,Yes,,"Premium Acacia Wood Crafted from durable, high-quality acacia wood with natural grain patterns, making each board unique and long-lasting.",https://m.media-amazon.com/images/I/711C1Fnzp5L.jpg,https://m.media-amazon.com/images/I/71EAPG3j4YL.jpg,https://m.media-amazon.com/images/I/61LheHGMKwL.jpg,https://m.media-amazon.com/images/I/71VWI8yK9fL.jpg,https://m.media-amazon.com/images/I/71VWI8yK9fL.jpg
"Wooden Bowl for Kitchen & Dining Use | Multipurpose Serving Bowl for Snacks, Dry Fruits & Salad | Natural Wooden Bowl for Home & Tableware",LF/Wooden Bowl,Woodcraft,Trays & Platters,earthy-tones,,,,Wood,Brown,Standard,,,399,999,35,,No,No,No,No,Yes,,"Multipurpose Wooden Bowl for Everyday Use – Ideal for serving snacks, dry fruits, salads, fruits, or small food portions in a stylish and organized way.",https://m.media-amazon.com/images/I/51f6OAvYwOL.jpg,https://m.media-amazon.com/images/I/71SmsEdLEFL.jpg,https://m.media-amazon.com/images/I/71whec5u3-L.jpg,https://m.media-amazon.com/images/I/71oYhw8lXsL.jpg,https://m.media-amazon.com/images/I/71M8NuBhkCL.jpg
"Hand Painted Wooden Folk Art Pizza Platter, Decorative Chopping Board, Rustic Serving Tray, Kitchen Wall Decor Plate, Handmade Gift",PP001,Artisan,Folk Art Trays,folk-heritage,,Hand Painted,,Wood,Brown,M,,,999,2999,1,,Yes,No,No,No,Yes,,Color: Brown,https://m.media-amazon.com/images/I/61RBcJ69KqL.jpg,https://m.media-amazon.com/images/I/81Gvv8SKQSL.jpg,https://m.media-amazon.com/images/I/71jV3B9q-QL.jpg,https://m.media-amazon.com/images/I/71VAGD5boPL.jpg,https://m.media-amazon.com/images/I/71fkWjg8VnL.jpg
"Wooden Pizza Serving Board for Kitchen Use, Round Platter for Pizza, Bread & Snacks Serving, Durable Tray for Dining Table & Party Serving",Wooden Pizza Platter_PR,Woodcraft,Trays & Platters,earthy-tones,Classic,,,Wood,Multicolor,Small,,,999,2999,1,,No,No,No,No,Yes,,Features pizza serving adding a unique visual identity,https://m.media-amazon.com/images/I/61TL+GYJtEL.jpg,https://m.media-amazon.com/images/I/71XP6xEHXYL.jpg,https://m.media-amazon.com/images/I/71jHF6+8SRL.jpg,https://m.media-amazon.com/images/I/81-vOkaibLL.jpg,https://m.media-amazon.com/images/I/71hliPHM-+L.jpg
"Terracotta Kullad Cups Set Couple mug (Set of 2, 220 ml, Microwave Safe, Handpainted, Brown) | Kulhad Cups Kulhad Tea Cups Set Chai Kullad Coffee Mug",CoupleMug01,Minimal,Natural Terracotta,earthy-tones,,Hand Painted,,Ceramic,Brown,Small,,,999,1999,5,,Yes,No,No,No,Yes,,Handmade in India by Artisans.,https://m.media-amazon.com/images/I/61MTTlrpObL.jpg,https://m.media-amazon.com/images/I/7132B2nf+WL.jpg,https://m.media-amazon.com/images/I/71zbhlUwkNL.jpg,https://m.media-amazon.com/images/I/717F8wpCA0L.jpg,https://m.media-amazon.com/images/I/717EFmlF5bL.jpg
"Terracotta Kulhad Set for Tea & Coffee, Traditional Clay Cups for Drinking, Eco-Friendly Kitchen Drinkware & Serving Item",Terracotta Kulhad_PR,Minimal,Natural Terracotta,earthy-tones,,,,Terracotta,Multicolor,Small,,,799,2999,5,,No,No,No,No,Yes,,Features kulhad cups adding a unique visual identity,https://m.media-amazon.com/images/I/61MTTlrpObL.jpg,https://m.media-amazon.com/images/I/71zQ1jlelFL.jpg,https://m.media-amazon.com/images/I/71mveFrTeoL.jpg,https://m.media-amazon.com/images/I/71OLvdj0j0L.jpg,https://m.media-amazon.com/images/I/71Eu+3Hv4HL.jpg
Wooden Coaster with Tree Bark Edge 3.9 Inch | Rustic Natural Edge Drink Coaster for Tea & Coffee Cups | Table Protection Coaster for Dining & Home Decor,Wooden Coaster,Woodcraft,Kitchen Tools,kitchen-essentials,,,,Wood,Brown,Standard,,,999,999,9,,No,No,No,No,Yes,,"Natural Tree Bark Edge for Rustic Look – Unique bark-style edge gives each coaster a natural and organic appearance, perfect for farmhouse and rustic decor.",https://m.media-amazon.com/images/I/71UBCDBZEjL.jpg,https://m.media-amazon.com/images/I/716aH0UTFSL.jpg,https://m.media-amazon.com/images/I/71Wzr8ad+1L.jpg,https://m.media-amazon.com/images/I/7142RITcF3L.jpg,https://m.media-amazon.com/images/I/71arXBQ67EL.jpg
"Handcrafted African Art Hand Painted Wooden Coaster Set for Tea & Coffee Cups, Durable Heat Resistant Table Protection Coasters, Stylish Kitchen & Dining Table Decor Accessory",Wooden Coaster_PR,Artisan,Painted Wooden Decor,handcrafted-india,,Hand Painted,,Wood,Brown and black,Small,,,799,2999,1,,Yes,No,No,No,Yes,,Features heat protection adding a unique visual identity,https://m.media-amazon.com/images/I/71SIJZXBY1L.jpg,https://m.media-amazon.com/images/I/71RDgyDUgpL.jpg,https://m.media-amazon.com/images/I/71MtO-BxTrL.jpg,https://m.media-amazon.com/images/I/71bvN0NAuFL.jpg,https://m.media-amazon.com/images/I/71cx62BtMrL.jpg
"Ceramic Couple with Heart Showpiece for Home Decor, Romantic Statue for Living Room, Shelf & Special Occasion Gift",Ceramic Couple Heart_PR,Minimal,Modern Decor,minimal-living,,,,Ceramic,Brown,Small,,,999,2999,1,,No,No,No,No,Yes,,Features heart couple adding a unique visual identity,https://m.media-amazon.com/images/I/51fhxWz-pZL.jpg,https://m.media-amazon.com/images/I/71LSJ7r97jL.jpg,https://m.media-amazon.com/images/I/613j-OM-ILL.jpg,https://m.media-amazon.com/images/I/71k9QhHlQTL.jpg,https://m.media-amazon.com/images/I/71EHesyM6-L.jpg
"Ceramic Couple Showpiece for Home Decor, Romantic Figurine for Living Room, Bedroom Shelf & Anniversary Gift Item",Ceramic Couple_PR,Minimal,Modern Decor,minimal-living,,,,Ceramic,Black & White,Small,,,899,2999,1,,No,No,No,No,Yes,,Features couple art adding a unique visual identity,https://m.media-amazon.com/images/I/41+NAyK9b2L.jpg,https://m.media-amazon.com/images/I/61BKoLNb7SL.jpg,https://m.media-amazon.com/images/I/6125GWbNRoL.jpg,https://m.media-amazon.com/images/I/71ceBX74SnL.jpg,https://m.media-amazon.com/images/I/71u-UUP6InL.jpg
"Ceramic Dinosaur Decorative Showpiece for Kids Room, Unique Animal Figurine for Home, Shelf & Table Decor, Ideal Gift Item",Ceramic Dinosaur_PR,Minimal,Modern Decor,minimal-living,,,,Ceramic,Multicolor,Small,,,1999,2999,1,,No,No,No,No,Yes,,Features dinosaur art adding a unique visual identity,https://m.media-amazon.com/images/I/51lJe+z6TTL.jpg,https://m.media-amazon.com/images/I/71Roc-C+6rL.jpg,https://m.media-amazon.com/images/I/61s2kBfZWEL.jpg,https://m.media-amazon.com/images/I/71aIUrjfUdL.jpg,https://m.media-amazon.com/images/I/71XmDnVoy3L.jpg
"Ceramic Elephant Showpiece for Home Decor, Decorative Animal Figurine for Living Room, Office Desk & Tabletop Gifting Item",Ceramic Elephant_PR,Minimal,Modern Decor,minimal-living,,,,Ceramic,Black & White,Small,,,1599,2999,1,,No,No,No,No,Yes,,Features elephant décor adding a unique visual identity,https://m.media-amazon.com/images/I/61sIpbgI+UL.jpg,https://m.media-amazon.com/images/I/717XQbsOu+L.jpg,https://m.media-amazon.com/images/I/71MBH3IhGPL.jpg,https://m.media-amazon.com/images/I/71MgdyiYHtL.jpg,https://m.media-amazon.com/images/I/71BE4gzEHbL.jpg
"Ceramic Yoga Pose Statue for Home Decor, Meditation Showpiece for Living Room, Office Desk & Spiritual Gifting Item",Ceramic Yoga Statue_PR,Minimal,Modern Decor,minimal-living,,,,Ceramic,Pink,Small,,,999,2999,1,,No,No,No,No,Yes,,Features yoga pose adding a unique visual identity,https://m.media-amazon.com/images/I/51mCyL6PFqL.jpg,https://m.media-amazon.com/images/I/71Y30a9s+5L.jpg,https://m.media-amazon.com/images/I/71gXIE3vu3L.jpg,https://m.media-amazon.com/images/I/71otTZ-mvZL.jpg,https://m.media-amazon.com/images/I/71Ftrca0JPL.jpg
"Two Love Birds Decorative Showpiece for Living Room, Romantic Couple Figurine for Shelf, Table & Bedroom Decor, Perfect Gift for Anniversary & Home",Two Love Birds_PR,Minimal,Modern Decor,minimal-living,,,,Ceramic,Multicolor,Small,,,1999,2999,1,,No,No,No,No,Yes,,Features romantic birds adding a unique visual identity,https://m.media-amazon.com/images/I/71k6pPEjZjL.jpg,https://m.media-amazon.com/images/I/71sh7ys4daL.jpg,https://m.media-amazon.com/images/I/71TzRSwUrrL.jpg,https://m.media-amazon.com/images/I/711nz5rynBL.jpg,https://m.media-amazon.com/images/I/71yRvqLWPaL.jpg
Auranest Decors Wooden Spatula Set of 7 for Kitchen Cooking | Plain Wooden Cooking Utensils Set | Heat Resistant Sheesam Wood Non Stick Safe Spoon & Turner Set for Daily Use,LF/Spatula Set,Woodcraft,Kitchen Tools,kitchen-essentials,,,,Wood,Brown,Standard,,,180,499,4,,No,No,No,No,Yes,,"Set of 7 Wooden Cooking Tools for Complete Kitchen Use – Includes multiple spatulas and spoons designed for different cooking tasks like frying, stirring, flipping, and serving.",https://m.media-amazon.com/images/I/71HDkfhid7L.jpg,https://m.media-amazon.com/images/I/71Eaqav5xjL.jpg,https://m.media-amazon.com/images/I/61lPvXsaO3L.jpg,https://m.media-amazon.com/images/I/718wP-TfSyL.jpg,https://m.media-amazon.com/images/I/71z9xFO3jwL.jpg
"Wooden Cooking Spatula for Kitchen Use, Heat Resistant Ladle for Frying, Mixing & Serving Food, Durable Eco-Friendly Kitchen Tool for Daily Use",Wooden Spatula_PR,Woodcraft,Kitchen Tools,kitchen-essentials,,,,Wood,Multicolor,Small,,,875,2999,10,,No,No,No,No,Yes,,Features kitchen tool adding a unique visual identity,https://m.media-amazon.com/images/I/61ueId1OhUL.jpg,https://m.media-amazon.com/images/I/71Qxfwg7FXL.jpg,https://m.media-amazon.com/images/I/71J01rx4SyL.jpg,https://m.media-amazon.com/images/I/71Ljfg9EQBL.jpg,https://m.media-amazon.com/images/I/71JHA40NfHL.jpg
Sheesham Wood Spice Box with 2 Spoons – 9 Compartments Masala Box/Masala Dabba/Masala Container/Masala Dabba Organizer for Kitchen | Decorative Handmade Wooden Storage Box,LF/Masala Box With 9 Boxes,Artisan,Painted Wooden Decor,handcrafted-india,,Hand Painted,,Wood,Brown,Standard,,,555,999,57,,Yes,No,No,No,Yes,,MATERIAL :- Our Namak Dani for Kitchen / Wooden Masala Box for Kitchen / Wooden Boxes / Masala Box Wooden / Spice Box Wooden / Masala Box for Kitchen Wooden / Wooden Spice Box / Wooden Spice Box for K,https://m.media-amazon.com/images/I/71Fag4z76EL.jpg,https://m.media-amazon.com/images/I/718xaAC+-XL.jpg,https://m.media-amazon.com/images/I/71NfP+sPJRL.jpg,https://m.media-amazon.com/images/I/71yRKGwKmtL.jpg,https://m.media-amazon.com/images/I/71cCCOB30-L.jpg
"Sheesham Wooden Spice Box for Kitchen with Spoon (12 Partitions, Non Detachable, 90 ml, Brown) | Masala Container Spice Box Wooden Namak Dani for Kitchen Masala Box Wooden Masala Dani",LF/Wooden Masala Box 12 Section & Spoon,Artisan,Painted Wooden Decor,handcrafted-india,,Hand Painted,,Wood,Brown,Standard,,,559,999,51,,Yes,No,No,No,Yes,,MATERIAL :- Our Namak Dani for Kitchen / Wooden Masala Box for Kitchen / Wooden Boxes / Masala Box Wooden / Spice Box Wooden / Masala Box for Kitchen Wooden / Wooden Spice Box / Wooden Spice Box for K,https://m.media-amazon.com/images/I/715sWLE60XL.jpg,https://m.media-amazon.com/images/I/71slEJxInrL.jpg,https://m.media-amazon.com/images/I/71e-ppLimEL.jpg,https://m.media-amazon.com/images/I/81yqOPYaiDL.jpg,https://m.media-amazon.com/images/I/71fPKqmcMPL.jpg
Wooden Spice Box with Glass Lid 12 Compartment Masala Dabba Organizer with Spoon | Handcrafted Folf Art mithila Painting Hand paiting Kitchen Storage for Spices & Herbs,SpiceBox01,Artisan,Madhubani & Folk,folk-heritage,,Hand Painted,,,Brown,,,,999,2999,1,,Yes,No,No,No,Yes,,"Elegant 12 Compartment Design – Keep your spices neatly organized with nine spacious sections, perfect for everyday cooking essentials.",https://m.media-amazon.com/images/I/618mVYoV37L.jpg,https://m.media-amazon.com/images/I/71I6+Mlz5PL.jpg,https://m.media-amazon.com/images/I/71+C10oD3KL.jpg,https://m.media-amazon.com/images/I/71EmNYrNiKL.jpg,https://m.media-amazon.com/images/I/71moy150dVL.jpg
Wooden Spice Box with Glass Lid 12 Compartment Masala Dabba Organizer | Handcrafted Kitchen Storage for Spices & Herbs,SpiceBox02,Artisan,Painted Wooden Decor,handcrafted-india,,Hand Painted,,,Brown,,,,999,2999,1,,Yes,No,No,No,Yes,,"Elegant 12 Compartment Design – Keep your spices neatly organized with nine spacious sections, perfect for everyday cooking essentials.",https://m.media-amazon.com/images/I/61MlAHlVYJL.jpg,https://m.media-amazon.com/images/I/715E79p905L.jpg,https://m.media-amazon.com/images/I/71g7Umx9OhL.jpg,https://m.media-amazon.com/images/I/71DCODpTBcL.jpg,https://m.media-amazon.com/images/I/71yXBSQu0xL.jpg
Wooden Spice Box for Kitchen | Sheesham Wood Masala Dabba with Glass Lid & Spoon | Handmade Spice Organizer Storage Container for Indian Kitchen,UH-LSQE-CW8R,Artisan,Painted Wooden Decor,handcrafted-india,,Hand Painted,,Wood,Brown,Standard,,,0,0,10,,Yes,No,No,No,Yes,,MATERIAL :- Our Namak Dani for Kitchen / Wooden Masala Box for Kitchen / Wooden Boxes / Masala Box Wooden / Spice Box Wooden / Masala Box for Kitchen Wooden / Wooden Spice Box / Wooden Spice Box for K,,,,,
"Multipurpose Wooden Storage Container for Kitchen Use, Dry Fruit, Snacks & Spice Organizer Jar, Decorative Utility Box for Home & Dining Table",Wooden Container_PR,Artisan,Painted Wooden Decor,handcrafted-india,,Hand Painted,,Wood,Multicolor,Small,,,899,2999,1,,Yes,No,No,No,Yes,,Features storage box adding a unique visual identity,https://m.media-amazon.com/images/I/61O0ioatHJL.jpg,https://m.media-amazon.com/images/I/71q4daotovL.jpg,https://m.media-amazon.com/images/I/71IWZZ3-jHL.jpg,https://m.media-amazon.com/images/I/71mfylLSENL.jpg,https://m.media-amazon.com/images/I/71THsLB3XHL.jpg
"Wooden Spice Box with Detachable Containers and Spoon, Transparent Glass Masala dani for Kitchen Storage, Anjarai Petti Style Organizer, Perfect Wooden Masala Box for Kitchen Use",Wooden Spice Box Diamond Shape,Artisan,Painted Wooden Decor,handcrafted-india,,Hand Painted,,Wood,Brown,Standard,,,499,999,79,,Yes,No,No,No,Yes,,MATERIAL :- Our Namak Dani for Kitchen / Wooden Masala Box for Kitchen / Wooden Boxes / Masala Box Wooden / Spice Box Wooden / Masala Box for Kitchen Wooden / Wooden Spice Box / Wooden Spice Box for K,https://m.media-amazon.com/images/I/71hnnhOHHJL.jpg,https://m.media-amazon.com/images/I/71SbBf7IZQL.jpg,https://m.media-amazon.com/images/I/71RLrMtgk7L.jpg,https://m.media-amazon.com/images/I/71H-iU1g5fL.jpg,https://m.media-amazon.com/images/I/81k9WdpAOdL.jpg
"3 Tier Wooden Plant Stand for Indoor & Outdoor Plants, Multi-Level Planter Rack for Balcony, Garden & Living Room, Space Saving Decor Solution",3 Step Wooden Planter_PR,Woodcraft,Trays & Platters,earthy-tones,,,,Wood,Black & White,Small,,,1299,2999,1,,No,No,No,No,Yes,,Features tier plant stand adding a unique visual identity,https://m.media-amazon.com/images/I/71vGglLfO3L.jpg,https://m.media-amazon.com/images/I/71maDRJ6PVL.jpg,https://m.media-amazon.com/images/I/71hvaA7OpOL.jpg,https://m.media-amazon.com/images/I/71FaapHpS1L.jpg,https://m.media-amazon.com/images/I/71DNDYVy3JL.jpg
"3 Step Wooden Planter Stool 22 Inch | Multi Level Plant Stand & Ladder Stool for Indoor Outdoor Use | Decorative Wooden Plant Rack for Balcony, Garden & Living Room",Wooden Stool 3 Step,Woodcraft,Trays & Platters,earthy-tones,,,,Wood,Brown,Standard,,,554,1299,50,,No,No,No,No,Yes,,"3 Step Tier Design for Stylish Plant Display – Multi-level structure allows you to arrange multiple plants neatly, creating a layered and attractive display.",https://m.media-amazon.com/images/I/61OJKJTLSML.jpg,https://m.media-amazon.com/images/I/61s3allumtL.jpg,https://m.media-amazon.com/images/I/61GmF0vrq5L.jpg,https://m.media-amazon.com/images/I/71SXl1kz0PL.jpg,https://m.media-amazon.com/images/I/61phbAQWhxL.jpg
Auranest Décors Hand-Painted Ceramic Planter with Colorful Bird Folk Art charming pair of colorful birds for Home Indoor and Outdoor Decorative Pot,0W-3XRA-LITV,Minimal,Decorative Pots,forest-nature,,Hand Painted,,,Multicolor,Medium,,,1599,2999,1,,Yes,No,No,No,Yes,,"Material: Made from ceramic and painted with vibrant, handcrafted details",https://m.media-amazon.com/images/I/71k6pPEjZjL.jpg,https://m.media-amazon.com/images/I/713AtRji+NL.jpg,https://m.media-amazon.com/images/I/713LV+1Vi-L.jpg,https://m.media-amazon.com/images/I/71NsGKIC8EL.jpg,https://m.media-amazon.com/images/I/81t7lKVT5WL.jpg
"Hand-Painted Ceramic Flower Planter, Decorative Bird and Floral Design, Indoor/Outdoor Succulent and Houseplant Pot, Colorful Art Pot for Home Decor",ASP001,Artisan,Painted Planters,forest-nature,,Hand Painted,,Ceramic,Multicolor,Medium,,,1599,2599,1,,Yes,No,No,No,Yes,,"Material: Made from ceramic and painted with vibrant, handcrafted details",https://m.media-amazon.com/images/I/61czTt+nYuL.jpg,https://m.media-amazon.com/images/I/71SJvLwJLzL.jpg,https://m.media-amazon.com/images/I/71p0oUpUvyL.jpg,https://m.media-amazon.com/images/I/7107rPvUSuL.jpg,https://m.media-amazon.com/images/I/71q39yz+RpL.jpg
"Hand-Painted Ceramic Bowl Planter, Mediterranean-Style Floral and Leaf Motif, Wide Decorative Succulent Pot, Colorful Indoor Gardening Container",BP001,Artisan,Painted Planters,forest-nature,,Hand Painted,,Ceramic,Multicolor,Medium,,,1299,2599,1,,Yes,No,No,No,Yes,,"Material: Made from ceramic and painted with vibrant, handcrafted details",https://m.media-amazon.com/images/I/51fZFiC7hmL.jpg,https://m.media-amazon.com/images/I/71my9nYMgXL.jpg,https://m.media-amazon.com/images/I/61QR1xkomeL.jpg,https://m.media-amazon.com/images/I/71GpxmdKbOL.jpg,https://m.media-amazon.com/images/I/718wpzhp+TL.jpg
Hand-Painted Daily Tribal Life Ceramic Planter – Traditional Folk Art Decorative Flower Pot,BS-HK4P-V2IB,Minimal,Decorative Pots,forest-nature,,Hand Painted,,,Multicolor,Medium,,,1699,2799,1,,Yes,No,No,No,Yes,,"Material: Made from ceramic and painted with vibrant, handcrafted details",https://m.media-amazon.com/images/I/618RHWodwrL.jpg,https://m.media-amazon.com/images/I/71ZE7UFJf8L.jpg,https://m.media-amazon.com/images/I/71kNXZUshML.jpg,https://m.media-amazon.com/images/I/711B+ykR8nL.jpg,https://m.media-amazon.com/images/I/71N9vz92RdL.jpg
"Bird on Tree Design Planter for Indoor Plants, Decorative Flower Pot for Living Room, Balcony & Table Top Home Decor Item",Bird Tree Planter_PR,Minimal,Decorative Pots,forest-nature,,,,Wood,Multicolor,Small,,,1999,2999,1,,No,No,No,No,Yes,,Features tree birds adding a unique visual identity,https://m.media-amazon.com/images/I/61czTt+nYuL.jpg,https://m.media-amazon.com/images/I/71yEHPMUmAL.jpg,https://m.media-amazon.com/images/I/71r7f1-qUcL.jpg,https://m.media-amazon.com/images/I/71NKTv9kB-L.jpg,https://m.media-amazon.com/images/I/71wEYhFbzxL.jpg
"Black Artistic Planter for Indoor Plants, Modern Decorative Flower Pot for Living Room, Office Desk & Shelf Home Decor Styling",Black Art Planter_PR,Minimal,Decorative Pots,forest-nature,,,,Wood,Multicolor,Small,,,1499,2999,1,,No,No,No,No,Yes,,Features black design adding a unique visual identity,https://m.media-amazon.com/images/I/714tazm03LL.jpg,https://m.media-amazon.com/images/I/71l4ynMYyEL.jpg,https://m.media-amazon.com/images/I/71TaEZ0wlXL.jpg,https://m.media-amazon.com/images/I/71KmogvZ++L.jpg,https://m.media-amazon.com/images/I/71bmXZyGsIL.jpg
"Black Buddha Statue for Home Decor, Meditation Showpiece for Living Room, Office Desk & Spiritual Gifting Item Decorative Gamla Planter for Indoor Outdoor Washroom Living",Black Buddha_PR,Minimal,Decorative Pots,forest-nature,,,,Wood,Black & White,Small,,,999,2999,10,,No,No,No,No,Yes,,Features buddha statue adding a unique visual identity,https://m.media-amazon.com/images/I/51pkPPjDKRL.jpg,https://m.media-amazon.com/images/I/61dqvU+6mbL.jpg,https://m.media-amazon.com/images/I/61AXA3Rkl2L.jpg,https://m.media-amazon.com/images/I/71DwXronIgL.jpg,https://m.media-amazon.com/images/I/71vr9end1ZL.jpg
"Blue Leaf Design Planter for Indoor Plants, Decorative Ceramic Flower Pot for Living Room, Balcony & Office Desk Decor Item",Blue Leaf Planter_PR,Minimal,Decorative Pots,forest-nature,,,,Wood,Multicolor,Small,,,1599,2999,1,,No,No,No,No,Yes,,Features leaf design adding a unique visual identity,https://m.media-amazon.com/images/I/61+NQ2H4jPL.jpg,https://m.media-amazon.com/images/I/71HSzLGv0SL.jpg,https://m.media-amazon.com/images/I/61NYiuWBaJL.jpg,https://m.media-amazon.com/images/I/71a3xfxys5L.jpg,https://m.media-amazon.com/images/I/713omO5iEVL.jpg
"Hand-Painted Ceramic Portrait Planter, Traditional Indian Folk Art Lady Design, Decorative Indoor Flower Pot, Artistic Succulent & Houseplant Holder for Home/Office Decor",CP002,Artisan,Painted Planters,forest-nature,,Hand Painted,,Ceramic,Multicolor,Medium,,,1299,2599,1,,Yes,No,No,No,Yes,,"Material: Made from ceramic and painted with vibrant, handcrafted details",https://m.media-amazon.com/images/I/61mi80Ssc9L.jpg,https://m.media-amazon.com/images/I/712Wn4rGP6L.jpg,https://m.media-amazon.com/images/I/61jPx04HEeL.jpg,https://m.media-amazon.com/images/I/713vCuSFTyL.jpg,https://m.media-amazon.com/images/I/71NsLWQj4VL.jpg
"Ceramic Bird Shape Planter for Indoor Plants, Decorative Flower Pot for Living Room, Balcony & Office Desk, Stylish Home Decor Item",Ceramic Bird Planter_PR,Minimal,Decorative Pots,forest-nature,,,,Ceramic,Multicolor,Small,,,1499,2999,1,,No,No,No,No,Yes,,Features bird theme adding a unique visual identity,https://m.media-amazon.com/images/I/61czTt+nYuL.jpg,https://m.media-amazon.com/images/I/71uXwpBdDVL.jpg,https://m.media-amazon.com/images/I/71tH0vqhFkL.jpg,https://m.media-amazon.com/images/I/71dIx32uo7L.jpg,https://m.media-amazon.com/images/I/71mKxmhgWVL.jpg
"Auranest Decors Handcrafted Hand-Painted Dice Shape Ceramic Planter for Indoor Plants, Unique Decorative Flower Pot for Table, Shelf & Office Desk Home Decor",Ceramic Dice Planter_PR,Artisan,Painted Planters,forest-nature,,Hand Painted,,Ceramic,Multicolor,Small,,,1499,2999,5,,Yes,No,No,No,Yes,,Features dice shape adding a unique visual identity,https://m.media-amazon.com/images/I/519M9wRCBrL.jpg,https://m.media-amazon.com/images/I/710O6l2SvgL.jpg,https://m.media-amazon.com/images/I/61D-ycdNxgL.jpg,https://m.media-amazon.com/images/I/71FVoLzKzSL.jpg,https://m.media-amazon.com/images/I/71KGhdW9SRL.jpg
"Girl with Peacock Design Planter for Indoor Plants, Artistic Decorative Flower Pot for Living Room, Balcony & Office Desk Home Decor",Ceramic Girl Peacock_PR,Artisan,Painted Planters,forest-nature,,Hand Painted,,Ceramic,Multicolor,Small,,,1699,2999,1,,Yes,No,No,No,Yes,,Features bird theme adding a unique visual identity,https://m.media-amazon.com/images/I/61WctEtPYaL.jpg,https://m.media-amazon.com/images/I/71YJFOJ5N-L.jpg,https://m.media-amazon.com/images/I/71uOhXGENpL.jpg,https://m.media-amazon.com/images/I/71jLYbkGHgL.jpg,https://m.media-amazon.com/images/I/71AMGVeYcRL.jpg
"Auranest Decors Hand-Painted Ceramic Elephant Planter Pot | Decorative Indoor Plant Pot with Floral Design – Ideal for Succulents, Herbs",EP001,Minimal,Decorative Pots,forest-nature,,Hand Painted,,,Multicolor,Medium,,,1599,2999,1,,Yes,No,No,No,Yes,,"Material: Made from ceramic and painted with vibrant, handcrafted details",https://m.media-amazon.com/images/I/61Ljo+MqTDL.jpg,https://m.media-amazon.com/images/I/71VB5uHow7L.jpg,https://m.media-amazon.com/images/I/61wKxxkPb8L.jpg,https://m.media-amazon.com/images/I/71zXLtrXnKL.jpg,https://m.media-amazon.com/images/I/71ue1m1ZUHL.jpg
"Decorative Lady Face Planter for Indoor Plants, Artistic Flower Pot for Living Room, Balcony & Office Desk, Modern Home Decor Piece for Gifting",Lady on Planter_PR,Minimal,Decorative Pots,forest-nature,,,,Ceramic,Multicolor,Small,,,1599,2999,1,,No,No,No,No,Yes,,Features artistic face adding a unique visual identity,https://m.media-amazon.com/images/I/51Sj8v2GRIL.jpg,https://m.media-amazon.com/images/I/71mgrta0u8L.jpg,https://m.media-amazon.com/images/I/71BsgL7xwPL.jpg,https://m.media-amazon.com/images/I/61HaTVdsaML.jpg,https://m.media-amazon.com/images/I/71IorwI5A1L.jpg
"Lotus Shape Decorative Planter for Indoor Plants, Elegant Flower Pot for Living Room, Spiritual Home Decor & Gifting Item",Lotus Planter_PR,Minimal,Decorative Pots,forest-nature,,,,Wood,Multicolor,Small,,,1599,2999,1,,No,No,No,No,Yes,,Features lotus design adding a unique visual identity,https://m.media-amazon.com/images/I/71sEx+N8KLL.jpg,https://m.media-amazon.com/images/I/71HBet5IiQL.jpg,https://m.media-amazon.com/images/I/71wGnf9MbGL.jpg,https://m.media-amazon.com/images/I/71yj3lVUwvL.jpg,https://m.media-amazon.com/images/I/71g74lNoeQL.jpg
Hand-Painted Ceramic Planter Pot – Decorative Indoor Plant Holder with Traditional Folk Art Design | Modern Home & Office Décor,Planter 12,Artisan,Painted Planters,forest-nature,,Hand Painted,,Ceramic,Multicolor,Medium,,,1299,2599,1,,Yes,No,No,No,Yes,,"Material: Made from ceramic and painted with vibrant, handcrafted details",https://m.media-amazon.com/images/I/611UVChWFZL.jpg,https://m.media-amazon.com/images/I/71utsdmMLwL.jpg,https://m.media-amazon.com/images/I/71Uc-4xZF-L.jpg,https://m.media-amazon.com/images/I/71rVlHECNML.jpg,https://m.media-amazon.com/images/I/71xPT0ba4AL.jpg
Nature-Inspired Handcrafted Deer painted Ceramic Planter,QE-L6MQ-NJRD,Minimal,Decorative Pots,forest-nature,,Hand Painted,,,Multicolor,Medium,,,1550,2599,1,,Yes,No,No,No,Yes,,"Material: Made from ceramic and painted with vibrant, handcrafted details",https://m.media-amazon.com/images/I/61oeksYNQVL.jpg,https://m.media-amazon.com/images/I/71d8O1ysbiL.jpg,https://m.media-amazon.com/images/I/71RE0iO1MEL.jpg,https://m.media-amazon.com/images/I/71Om8zvvfjL.jpg,https://m.media-amazon.com/images/I/71G9i7p7mbL.jpg
Hand-Painted Ceramic Planter with Twin Bird Motif – Decorative Indoor Plant Pot,TC-PF3W-2VSP,Minimal,Decorative Pots,forest-nature,,Hand Painted,,,Multicolor,Medium,,,999,2199,1,,Yes,No,No,No,Yes,,"Material: Made from ceramic and painted with vibrant, handcrafted details",https://m.media-amazon.com/images/I/617BkLCm+EL.jpg,https://m.media-amazon.com/images/I/71GfAlnygNL.jpg,https://m.media-amazon.com/images/I/71v+Um5tEPL.jpg,https://m.media-amazon.com/images/I/71diWbct++L.jpg,https://m.media-amazon.com/images/I/71yV+AlENRL.jpg
Village Vows Hand-Painted Ceramic Planter,VD-LZYK-SZTF,Minimal,Decorative Pots,forest-nature,Art Deco,Hand Painted,,,Multicolor,Medium,,,1599,2599,1,,Yes,No,No,No,Yes,,"Material: Made from ceramic and painted with vibrant, handcrafted details",https://m.media-amazon.com/images/I/61ucDdrycML.jpg,https://m.media-amazon.com/images/I/71kJkrJPcqL.jpg,https://m.media-amazon.com/images/I/715n67IYxwL.jpg,https://m.media-amazon.com/images/I/71w2oMHRe7L.jpg,https://m.media-amazon.com/images/I/61nHclc0-AL.jpg
"Hand-Painted Ceramic Conical Planter, Folk Art Peacock and Floral Motif, Decorative Tapered Flower Pot, Unique Vibrant Home Decor",VP001,Artisan,Painted Planters,forest-nature,,Hand Painted,,Ceramic,Multicolor,Medium,,,1999,2999,1,,Yes,No,No,No,Yes,,"Material: Made from ceramic and painted with vibrant, handcrafted details",https://m.media-amazon.com/images/I/61WctEtPYaL.jpg,https://m.media-amazon.com/images/I/71dSRLHt34L.jpg,https://m.media-amazon.com/images/I/71eFl+Z1tdL.jpg,https://m.media-amazon.com/images/I/71RpBfHR0NL.jpg,https://m.media-amazon.com/images/I/71WrYgBPnNL.jpg
"Hand-Painted Ceramic Planter, Traditional Warli Tribal Art Design, Monochrome Black and White Decorative Plant Pot, Modern Minimalist Succulent & Herb Holder for Home/Office Decor",WP001,Artisan,Painted Planters,forest-nature,,Hand Painted,,Ceramic,Multicolor,Medium,,,1599,2999,1,,Yes,No,No,No,Yes,,"Material: Made from ceramic and painted with vibrant, handcrafted details",https://m.media-amazon.com/images/I/71pse45WpVL.jpg,https://m.media-amazon.com/images/I/71qT+olBh5L.jpg,https://m.media-amazon.com/images/I/71gAnRy3nZL.jpg,https://m.media-amazon.com/images/I/71Sx75xbX8L.jpg,https://m.media-amazon.com/images/I/71I8uUQEp+L.jpg
"Hanging Shelves - Adjustable Rope Hanging Shelf, Wall Hanging Decor, Lightweight, Premium Wooden Shelf, Hanging Plant Shelf for Bedroom and Living Room",1A-GZ26-YXHX,Woodcraft,Trays & Platters,earthy-tones,Modern,,,"Pine, solid wood",Brown,Medium,,,0,0,10,,No,No,No,No,Yes,,"EASY TO INSTALL - No need for DIY stress. The ready-to-use hanging shelves come complete with easy to use hooks & wall anchors. Each hanging shelf can be suspended using the hanging ring, or directly ",,,,,
Pine Wood Setup Box Stand | Set Top Box Stand Wall Mount for Home Wall Shelf for Holding Speakers WiFi Router Game Console Remote Streaming Device,7Z-RCX6-VXDQ,Woodcraft,Trays & Platters,earthy-tones,Modern,,,solid Wood,Brown,Medium,,,0,0,10,,No,No,No,No,Yes,,"Dimension - L x B x H = 25 x 20 x 5 cm ,Material - Pine Wood",,,,,
Pine Wood Setup Box Stand | Set Top Box Stand Wall Mount for Home Wall Shelf for Holding Speakers WiFi Router Game Console Remote Streaming Device (1),RouterMount10,Woodcraft,Trays & Platters,earthy-tones,Modern,,,solid Wood,Brown,Medium,,,179,999,90,,No,No,No,No,Yes,,"Dimension - L x B x H = 25 x 20 x 5 cm ,Material - Pine Wood",https://m.media-amazon.com/images/I/51Ukk3QvbXL.jpg,https://m.media-amazon.com/images/I/616CSnJabTL.jpg,https://m.media-amazon.com/images/I/71dVBi6U31L.jpg,https://m.media-amazon.com/images/I/711yGrnUNNL.jpg,https://m.media-amazon.com/images/I/61+wqpmN4ML.jpg
"Set of 4 Pine Wood Setup Box Stand | Wall Mount Set Top Box Stand for Home, Wooden Wall Shelf for Speakers, WiFi Router, Game Console, Remote & Streaming Devices",RouterMount10-4,Woodcraft,Trays & Platters,earthy-tones,Modern,,,solid Wood,Brown,Medium,,,699,1499,4,,No,No,No,No,Yes,,"Dimension - L x B x H = 25 x 20 x 5 cm ,Material - Pine Wood",https://m.media-amazon.com/images/I/61B0Y2cHf1L.jpg,https://m.media-amazon.com/images/I/71fxuspGYqL.jpg,https://m.media-amazon.com/images/I/71vjr1thcPL.jpg,https://m.media-amazon.com/images/I/71hXq2+jtxL.jpg,https://m.media-amazon.com/images/I/71jIR5dDK3L.jpg
Pine Wood Setup Box Stand | Set Top Box Stand Wall Mount for Home Wall Shelf for Holding Speakers WiFi Router Game Console Remote Streaming Device (2),RouterMount10_2,Woodcraft,Trays & Platters,earthy-tones,Modern,,,solid Wood,Brown,Medium,,,359,1499,90,,No,No,No,No,Yes,,"Dimension - L x B x H = 25 x 20 x 5 cm ,Material - Pine Wood",https://m.media-amazon.com/images/I/51Ukk3QvbXL.jpg,https://m.media-amazon.com/images/I/71z7VAZ9BUL.jpg,https://m.media-amazon.com/images/I/71vjr1thcPL.jpg,https://m.media-amazon.com/images/I/71jIR5dDK3L.jpg,https://m.media-amazon.com/images/I/71hXq2+jtxL.jpg
"Hanging Shelves - Adjustable Rope Hanging Shelf, Wall Hanging Decor, Lightweight, Premium Wooden Shelf, Hanging Plant Shelf for Bedroom and Living Room (1)",WallhangingMount16,Woodcraft,Trays & Platters,earthy-tones,Modern,,,"Pine, solid wood",Brown,Medium,,,180,1435,87,,No,No,No,No,Yes,,"EASY TO INSTALL - No need for DIY stress. The ready-to-use hanging shelves come complete with easy to use hooks & wall anchors. Each hanging shelf can be suspended using the hanging ring, or directly ",https://m.media-amazon.com/images/I/515WQp4nJUL.jpg,https://m.media-amazon.com/images/I/71tjEzVFNhL.jpg,https://m.media-amazon.com/images/I/71iPUflM0YL.jpg,https://m.media-amazon.com/images/I/71oWETCGmmL.jpg,https://m.media-amazon.com/images/I/71tCcGE5JpL.jpg
"Set of 4 Hanging Shelves – Adjustable Rope Hanging Shelf for Wall Decor, Lightweight Premium Wooden Shelf, Hanging Plant Shelf for Bedroom, Living Room & Home Decoration",WallhangingMount16-4,Woodcraft,Trays & Platters,earthy-tones,Modern,,,"Pine, solid wood",Brown,Medium,,,749,1435,90,,No,No,No,No,Yes,,"EASY TO INSTALL - No need for DIY stress. The ready-to-use hanging shelves come complete with easy to use hooks & wall anchors. Each hanging shelf can be suspended using the hanging ring, or directly ",https://m.media-amazon.com/images/I/61lS2dIpvSL.jpg,https://m.media-amazon.com/images/I/612AtS4s5iL.jpg,https://m.media-amazon.com/images/I/71tjEzVFNhL.jpg,https://m.media-amazon.com/images/I/71tCcGE5JpL.jpg,https://m.media-amazon.com/images/I/71wrJViL1SL.jpg
"Hanging Shelves - Adjustable Rope Hanging Shelf, Wall Hanging Decor, Lightweight, Premium Wooden Shelf, Hanging Plant Shelf for Bedroom and Living Room (2)",WallhangingMount16_2,Woodcraft,Trays & Platters,earthy-tones,Modern,,,"Pine, solid wood",Brown,Medium,,,350,1435,8,,No,No,No,No,Yes,,"EASY TO INSTALL - No need for DIY stress. The ready-to-use hanging shelves come complete with easy to use hooks & wall anchors. Each hanging shelf can be suspended using the hanging ring, or directly ",https://m.media-amazon.com/images/I/61GWKODk8VL.jpg,https://m.media-amazon.com/images/I/61boR2r4l-L.jpg,https://m.media-amazon.com/images/I/71tjEzVFNhL.jpg,https://m.media-amazon.com/images/I/711TKw-FxfL.jpg,https://m.media-amazon.com/images/I/71wrJViL1SL.jpg
"Wooden Spatula set for Cooking,Kitchen Utensils Set, Natural Wood Cooking Utensils set for Nonstick Cookware, 7-Piece Eco-friendly and Healthy Wooden Spoon set for Cooking",EX-C4MU-6GXJ,Woodcraft,Kitchen Tools,kitchen-essentials,Traditional,,,Sheesham Wood,Wooden,medium,,,174,899,32,,No,No,No,No,Yes,,"Durable Construction: These kitchen utensils are crafted from high-quality wood, ensuring long-lasting durability and strength.",https://m.media-amazon.com/images/I/7126SvLdS9L.jpg,https://m.media-amazon.com/images/I/713DSopqQUL.jpg,https://m.media-amazon.com/images/I/716j7TQeuDL.jpg,https://m.media-amazon.com/images/I/71znRrsnGpL.jpg,https://m.media-amazon.com/images/I/717sMGv1ZlL.jpg
Natural Wooden Spoon Set for Cooking Includes Frying Serving Spatula Chapati Dessert Rice Spoons Wooden for Nonstick Cookware Kitchen Utensils and Cooking Spoon Set of 7,TM-XR5F-1S45,Woodcraft,Kitchen Tools,kitchen-essentials,Traditional,,,Acacia Wood,Brown,medium,,,165,799,91,,No,No,No,No,Yes,,"Durable Construction: These kitchen utensils are crafted from high-quality wood, ensuring long-lasting durability and strength.",https://m.media-amazon.com/images/I/71HDkfhid7L.jpg,https://m.media-amazon.com/images/I/713DSopqQUL.jpg,https://m.media-amazon.com/images/I/716j7TQeuDL.jpg,https://m.media-amazon.com/images/I/61a3aNf+k0L.jpg,https://m.media-amazon.com/images/I/71NltNXlYaL.jpg
2 Step Wooden Coffee Stool 12.5 Inch | Wooden Small Side Table for Living Room | Foldable Stool for Bedroom | Bedside End Table for Small Spaces,Wooden Stool 2 Step,Woodcraft,Kitchen Tools,kitchen-essentials,,,,Wood,Brown,Standard,,,499,999,60,,No,No,No,No,Yes,,"2-Step Design for Easy Height Access – Dual step structure helps in reaching higher shelves, counters, or cabinets comfortably and safely.",https://m.media-amazon.com/images/I/71ABHXt8UtL.jpg,https://m.media-amazon.com/images/I/71W4SPWu2LL.jpg,https://m.media-amazon.com/images/I/7171itEDgHL.jpg,https://m.media-amazon.com/images/I/71PCMkWzokL.jpg,https://m.media-amazon.com/images/I/718rbi2YAvL.jpg
"Small Wooden Stool | Multipurpose Sitting Stool for Kids, Footrest & Home Decor | Compact Wooden Stand for Living Room, Kitchen & Bathroom Use",LF/Small Turtle Stool,Woodcraft,Kitchen Tools,kitchen-essentials,Traditional,,,Wood,Brown,Standard,,,499,999,62,,No,No,No,No,Yes,,"Compact for Versatile Use – Small and handy size makes it perfect for kids seating, footrest, or as a low-height support stool in different areas of the home.",https://m.media-amazon.com/images/I/71mA7-sHCEL.jpg,https://m.media-amazon.com/images/I/71rcA5sv50L.jpg,https://m.media-amazon.com/images/I/71sh7S-P8aL.jpg,https://m.media-amazon.com/images/I/61UNN1zT54L.jpg,https://m.media-amazon.com/images/I/71834AcDxML.jpg
"Wood Stand Indoor Outdoor, Small Round Wooden Stool with Jute Rope Legs, Display Table for Plants, Succulents, Desk, Table Plant Stand Stool Living Room Kids",Woodstool01,Woodcraft,Kitchen Tools,kitchen-essentials,Hand-Wrapped Jute Rope Legs,,,Wooden,Coffee,Pack of 1,,,459,999,100,,No,No,No,No,Yes,,✅ 𝗣𝗔𝗖𝗞𝗔𝗚𝗘 𝗖𝗢𝗡𝗧𝗔𝗜𝗡𝗦 - Stool | Color - Coffee | Wooden Stool 15 | Material - Wooden| Product Dimensions - 15 cm x 20 cm x 20 cm,https://m.media-amazon.com/images/I/71bzhFct9GL.jpg,https://m.media-amazon.com/images/I/71qyG8U4KNL.jpg,https://m.media-amazon.com/images/I/61eyq7SMKML.jpg,https://m.media-amazon.com/images/I/719tf1dhVqL.jpg,https://m.media-amazon.com/images/I/619frRBHC+L.jpg
"Handcrafted Hand-Painted Elephant Design Wooden Key Holder Wall Mounted MDF Key Organizer with 8 Hooks, Decorative Wall Décor Key Stand for Home and Office Pack of 1",Elephant Key Holder_PR,Artisan,Painted Wooden Decor,handcrafted-india,,Hand Painted,,Wood,Multicolor,Small,,,799,2999,1,,Yes,No,No,No,Yes,,Features elephant art adding a unique visual identity,https://m.media-amazon.com/images/I/61qOgtuO8TL.jpg,https://m.media-amazon.com/images/I/712KUsOWQxL.jpg,https://m.media-amazon.com/images/I/71lRUZvSPAL.jpg,https://m.media-amazon.com/images/I/71+wer3Q0uL.jpg,https://m.media-amazon.com/images/I/71C4Co8JF6L.jpg
"Striped Wooden Key Holder for Wall with Hooks | Decorative Key Stand & Organizer for Entryway, Living Room & Home | Modern Wall Mounted Key Rack",LF/Key Holder with Stripes,Woodcraft,Key Holders,boho-living,Traditional,,,Wood,Brown,Standard,,,499,999,80,,No,No,No,No,Yes,,"Multi Hook Design for Organized Key Storage – Equipped with multiple hooks to neatly hang keys, keychains, and small essentials, helping reduce clutter.",https://m.media-amazon.com/images/I/61ZWowVCo1L.jpg,https://m.media-amazon.com/images/I/71J6pE0JYmL.jpg,https://m.media-amazon.com/images/I/71TIyRoEDuL.jpg,https://m.media-amazon.com/images/I/716ne9crV8L.jpg,https://m.media-amazon.com/images/I/716oUg5Er3L.jpg
"Striped Wooden Key Holder for Wall with Hooks, Decorative Key Stand for Entryway, Living Room Organizer & Modern Home Decor",Striped Key Holder_PR,Woodcraft,Key Holders,boho-living,,,,Wood,Multicolor,Small,,,799,2999,1,,No,No,No,No,Yes,,Features stripe design adding a unique visual identity,https://m.media-amazon.com/images/I/61g87qUBj4L.jpg,https://m.media-amazon.com/images/I/71SWWqhXegL.jpg,https://m.media-amazon.com/images/I/71sJ22azIXL.jpg,https://m.media-amazon.com/images/I/71BFnqAYDjL.jpg,https://m.media-amazon.com/images/I/71ctNvWeyaL.jpg
"Round Foldable Wooden Stool/Table – Solid Acacia Wood | 12 Inch Height & Diameter | Portable Folding Side Table for Home, Balcony & Garden",J6-09Q8-Y2ZS,Woodcraft,Trays & Platters,earthy-tones,Garden,,,Wood,Rustic,Small,,,495,999,65,,No,No,No,No,Yes,,"Product Dimension : Top Diameter- 12"" | Height - 12 in Inches (Top 30 by 30 Cm | Height 30 CM) | Durable Acacia Wood With Quality Finishing / Color : Brown",https://m.media-amazon.com/images/I/71ABHXt8UtL.jpg,https://m.media-amazon.com/images/I/71W4SPWu2LL.jpg,https://m.media-amazon.com/images/I/7171itEDgHL.jpg,https://m.media-amazon.com/images/I/718rbi2YAvL.jpg,https://m.media-amazon.com/images/I/71PCMkWzokL.jpg
"Wooden Serving Tray with Slats, Rectangular Decorative Organizer Tray for Kitchen, Bathroom, Coffee Table, Rustic Wood Storage Tray",3G-TWBD-N140,Woodcraft,Trays & Platters,earthy-tones,Traditional,,,Acacia Wood,Brown,"Large, Medium, Small",,,499,999,5,,No,No,No,No,Yes,,"Premium Wooden Build : Crafted from high-quality natural wood, this tray offers durability, strength, and a timeless rustic look that enhances any space.",https://m.media-amazon.com/images/I/61uePh2fT4L.jpg,https://m.media-amazon.com/images/I/71vtapf6stL.jpg,https://m.media-amazon.com/images/I/71CTNkAp52L.jpg,https://m.media-amazon.com/images/I/71Q8Iq2n5ZL.jpg,https://m.media-amazon.com/images/I/71XcEPzaMdL.jpg
"Farming Theme Wooden Serving Tray for Tea & Snacks, Handcrafted Rustic Kitchen Tray for Dining Table Use, Decorative Farmhouse Style Home Decor Gift Item",Farming Wooden Tray_PR,Artisan,Folk Art Trays,folk-heritage,Traditional,Hand Painted,,Wood,Brown and black,Small,,,899,2999,1,,Yes,No,No,No,Yes,,Features farming scene adding a unique visual identity,https://m.media-amazon.com/images/I/617Vv0B06YL.jpg,https://m.media-amazon.com/images/I/719vucKEukL.jpg,https://m.media-amazon.com/images/I/712X0xcKuBL.jpg,https://m.media-amazon.com/images/I/71s8DH2+NIL.jpg,https://m.media-amazon.com/images/I/71Wn+MWDE7L.jpg
"Set of 3 Wooden Serving Trays (38, 33, 28 cm) | Nesting Tea & Snack Serving Tray Set for Kitchen, Dining Table & Home Decor | Multipurpose Wooden Tray Set",LF/3 Set of Tray,Woodcraft,Trays & Platters,earthy-tones,,,,Wood,Brown,Standard,,,699,1299,20,,No,No,No,No,Yes,,"Set of 3 Trays in Different Sizes for Versatile Use – Includes three trays (38 cm, 33 cm, 28 cm) suitable for serving different quantities, from small snacks to full meal setups.",https://m.media-amazon.com/images/I/71pvhIfcXvL.jpg,https://m.media-amazon.com/images/I/71rBr49nHTL.jpg,https://m.media-amazon.com/images/I/71YhSJcbz8L.jpg,https://m.media-amazon.com/images/I/71JMS6-tLML.jpg,https://m.media-amazon.com/images/I/71WAeq5FpWL.jpg
"Oval Shape Curved Wooden Serving Tray 11 Inch | Stylish Snack & Tea Serving Tray for Kitchen, Dining Table & Home Decor | Multipurpose Wooden Tray",LF/Farming on Wooden Tray,Woodcraft,Trays & Platters,earthy-tones,Traditional,,,Wood,Brown,Standard,,,495,999,45,,No,No,No,No,Yes,,"Oval Shape with Curved Edges for Elegant Presentation – Smooth curved design with oval shape gives a modern and stylish look, enhancing food presentation.",https://m.media-amazon.com/images/I/61HNq9kI9dL.jpg,https://m.media-amazon.com/images/I/714N-hDvouL.jpg,https://m.media-amazon.com/images/I/812JNHPKejL.jpg,https://m.media-amazon.com/images/I/71qX4qj3EJL.jpg,https://m.media-amazon.com/images/I/71eLLFea3CL.jpg
"Oval Wooden Serving Tray 10.4 Inch | Compact Tea & Snack Tray for Kitchen, Dining Table & Coffee Table | Multipurpose Wooden Serving Platter",LF/Lady With Matka,Woodcraft,Trays & Platters,earthy-tones,Traditional,,,Wood,Brown,Standard,,,469,999,10,,No,No,No,No,Yes,,"Compact Oval Shape for Neat Serving – Sleek oval design offers a clean and modern look, making food presentation more appealing and organized.",https://m.media-amazon.com/images/I/612w-ROSmqL.jpg,https://m.media-amazon.com/images/I/71KymPrURyL.jpg,https://m.media-amazon.com/images/I/716a+ZD1iEL.jpg,https://m.media-amazon.com/images/I/714M0V67HSL.jpg,https://m.media-amazon.com/images/I/717p2I5vxIL.jpg
"Large Oval Wooden Serving Tray with Tree Bark Edge 15.74 Inch | Rustic Natural Edge Tray for Tea, Snacks & Dining Table | Decorative Wooden Platter for Home Decor & Serving",LF/Oval Shape Tray,Woodcraft,Trays & Platters,earthy-tones,Traditional,,,Wood,Brown,Standard,,,499,999,50,,No,No,No,No,Yes,,"Natural Tree Bark Edge for Rustic Look – Features a unique bark-style edge that gives a raw, organic feel and enhances the overall rustic aesthetic of your serving setup.",https://m.media-amazon.com/images/I/51q2X2GR9kL.jpg,https://m.media-amazon.com/images/I/71zYw12O5eL.jpg,https://m.media-amazon.com/images/I/51omKbYp9PL.jpg,https://m.media-amazon.com/images/I/71lPr5wCZ9L.jpg,https://m.media-amazon.com/images/I/71YKpT6LxbL.jpg
"Round Wooden Serving Tray with Tree Bark Edge 10 Inch | Rustic Natural Edge Tea & Snack Tray for Kitchen, Dining Table & Home Decor",LF/Round Wooden Tray,Woodcraft,Trays & Platters,earthy-tones,Traditional,,,Wood,Brown,Standard,,,389,999,50,,No,No,No,No,Yes,,"Natural Tree Bark Edge for Rustic Appeal – Unique bark-style outer edge gives a raw and organic look, perfect for farmhouse and nature-inspired decor.",https://m.media-amazon.com/images/I/71kHsB4LeKL.jpg,https://m.media-amazon.com/images/I/71AKwzBfKCL.jpg,https://m.media-amazon.com/images/I/71tQrByvfLL.jpg,https://m.media-amazon.com/images/I/71DGhAWzgJL.jpg,https://m.media-amazon.com/images/I/71PIQgOqmwL.jpg
"Wooden Rectangular Serving Tray 13 Inch | Multipurpose Tea & Snack Tray for Kitchen, Dining Table & Coffee Table | Durable Wooden Serving Platter",LF/Two Lady On Wooden Tray,Woodcraft,Trays & Platters,earthy-tones,Traditional,,,Wood,Brown,Standard,,,699,1299,50,,No,No,No,No,Yes,,"13 Inch Rectangular Size for Practical Serving – Ideal size for serving tea, coffee, snacks, desserts, or light meals in an organized and convenient way.",https://m.media-amazon.com/images/I/61OK8cZ7UWL.jpg,https://m.media-amazon.com/images/I/71GDL-3EdrL.jpg,https://m.media-amazon.com/images/I/71wlN9a6OWL.jpg,https://m.media-amazon.com/images/I/71O1fIWngJL.jpg,https://m.media-amazon.com/images/I/71m0llgZ4VL.jpg
Wooden Heart Shape Serving Tray 10 Inch Large | Decorative Snack & Tea Tray for Dining Table | Romantic Gift Tray for Home Decor & Special Occasions,LF/Wooden Heart Large Tray,Woodcraft,Trays & Platters,earthy-tones,Traditional,,,Wood,Brown,Standard,,,399,999,69,,No,No,No,No,Yes,,"Unique Heart Shape Design for Attractive Presentation – Beautiful heart-shaped tray adds a romantic and elegant touch, perfect for special occasions and decorative setups.",https://m.media-amazon.com/images/I/61Kz7PUKpTL.jpg,https://m.media-amazon.com/images/I/718uiHEHvxL.jpg,https://m.media-amazon.com/images/I/71bLBMqWI4L.jpg,https://m.media-amazon.com/images/I/71p6EC+9ahL.jpg,https://m.media-amazon.com/images/I/71kwAtJ-XOL.jpg
"Wooden Moon Shape Serving Tray 7 Inch | Decorative Mini Snack & Tea Tray for Dining Table, Kitchen & Home Decor | Crescent Wooden Platter",LF/Wooden Moon Tray,Woodcraft,Trays & Platters,earthy-tones,Traditional,,,Wood,Brown,Standard,,,399,999,6,,No,No,No,No,Yes,,"Unique Crescent Moon Shape for Elegant Look – Stylish moon-shaped design adds a creative and decorative touch, perfect for modern and themed table setups.",https://m.media-amazon.com/images/I/61fSJ5uM-KL.jpg,https://m.media-amazon.com/images/I/71BVHRxdyjL.jpg,https://m.media-amazon.com/images/I/71wSBHqB-CL.jpg,https://m.media-amazon.com/images/I/71dOTMgzVEL.jpg,https://m.media-amazon.com/images/I/71HDRu41RHL.jpg
"Large Wooden anty-Bactirial BPA Free Round Serving Tray for Tea & Snacks | Multipurpose Dining Table Tray for Kitchen, Coffee Table & Home Decor | Durable Wooden Serving Platter",LF/Wooden Round Tray Large,Woodcraft,Trays & Platters,earthy-tones,Traditional,,,Wood,Brown,Standard,,,479,999,89,,No,No,No,No,Yes,,"Large Round Design for Spacious Serving – Wide surface area allows you to serve multiple items like tea, coffee, snacks, meals, or desserts comfortably.",https://m.media-amazon.com/images/I/71LaZ0peYPL.jpg,https://m.media-amazon.com/images/I/71C+78TEKQL.jpg,https://m.media-amazon.com/images/I/518UeEVvddL.jpg,https://m.media-amazon.com/images/I/712T8hSBj1L.jpg,https://m.media-amazon.com/images/I/71yn1WUY9kL.jpg
"Striped Wooden Rectangular Serving Tray for Tea & Snacks | Decorative Kitchen & Dining Table Tray for Serving, Breakfast & Home Decor | Modern Wooden Tray",LF/Wooden Tray With Stripes,Woodcraft,Trays & Platters,earthy-tones,Traditional,,,Wood,Brown,Standard,,,499,999,30,,No,No,No,No,Yes,,Stylish Striped Wooden Design for Modern Look – Features an elegant stripe pattern that adds a contemporary and premium touch to your serving setup.,https://m.media-amazon.com/images/I/61uqhjmA+TL.jpg,https://m.media-amazon.com/images/I/71B21jfBsDL.jpg,https://m.media-amazon.com/images/I/81RABLbE7vL.jpg,https://m.media-amazon.com/images/I/71OKkk6yZZL.jpg,https://m.media-amazon.com/images/I/71UHEJGfysL.jpg
"Traditional Mithila art Wooden Serving Tray for Tea & Snacks, Handcrafted Madhubani Painting Ethnic Kitchen Tray for Dining Table, Indian, Modern Style Home Decor Gift",Lady with Matka Tray_PR,Artisan,Madhubani & Folk,folk-heritage,,Hand Painted,,Wood,Multicolor,Small,,,999,2999,1,,Yes,No,No,No,Yes,,Features ethnic village art adding a unique visual identity,https://m.media-amazon.com/images/I/61igRoQOlWL.jpg,https://m.media-amazon.com/images/I/71GuQksXWBL.jpg,https://m.media-amazon.com/images/I/716gL3Zlr8L.jpg,https://m.media-amazon.com/images/I/715-Vi29NsL.jpg,https://m.media-amazon.com/images/I/71k-6jREjTL.jpg
"Crafted Charm wooden Serving Trio Tray for Tea & Snacks, Modern Kitchen Tray for Dining Table & Stylish Home Decor Item",OE-C5LP-IKWJ,Artisan,Folk Art Trays,folk-heritage,Traditional,Hand Painted,,,Brown,"Large, Medium, Small",,,1199,2999,1,,Yes,No,No,No,Yes,,This wooden serving platter set includes three convenient sizes: • Large: 15 x 6 x 1.6 inches • Medium: 14 x 6 x 1.6 inches • Small: 12 x 6 x 1.6 inches,https://m.media-amazon.com/images/I/71Icta9sG7L.jpg,https://m.media-amazon.com/images/I/71vAjlKyhlL.jpg,https://m.media-amazon.com/images/I/71nEt88PIYL.jpg,https://m.media-amazon.com/images/I/71v3T1Bj3aL.jpg,https://m.media-amazon.com/images/I/71-XomuSByL.jpg
"Peacock Design Wooden Serving Tray for Tea & Coffee, Decorative Kitchen Tray for Dining Table Setup, Premium Artistic Home Decor Gift Item",Peacock Wooden Tray_PR,Artisan,Folk Art Trays,folk-heritage,Classic,Hand Painted,,Wood,Multicolor,Small,,,999,2999,1,,Yes,No,No,No,Yes,,Features peacock royal art adding a unique visual identity,https://m.media-amazon.com/images/I/71S-1Kz7TXL.jpg,https://m.media-amazon.com/images/I/81leShzEt2L.jpg,https://m.media-amazon.com/images/I/71TtuUwEeaL.jpg,https://m.media-amazon.com/images/I/71gRD6ajZYL.jpg,https://m.media-amazon.com/images/I/71Upi6-GdLL.jpg
"Wooden Serving Tray with Handles – Round Acacia Wood Tray for Serving Food, Coffee, Tea, Breakfast – Decorative Ottoman Tray for Kitchen, Dining Table & Home Decor (10""x10"")",WSTR01,Woodcraft,Trays & Platters,earthy-tones,Traditional,,,Acacia Wood,Brown,"Large, Medium, Small",,,455,999,36,,No,No,No,No,Yes,,"Premium Acacia Wood Crafted from durable, eco-friendly acacia wood with a beautiful natural grain, making each tray unique and long-lasting.",https://m.media-amazon.com/images/I/712wqBrvsAL.jpg,https://m.media-amazon.com/images/I/71vBAELy3qL.jpg,https://m.media-amazon.com/images/I/71HG+UrESzL.jpg,https://m.media-amazon.com/images/I/71tL73SuriL.jpg,https://m.media-amazon.com/images/I/71iZj8W2OZL.jpg
Handcrafted Warli Art Wooden Tray – Farming Scene Hand-Painted Serving Tray | Ethnic Home Décor Platter,WT001,Artisan,Warli & Tribal,folk-heritage,Traditional,Hand Painted,,Wood,Brown,M,,,969,2999,1,,Yes,No,No,No,Yes,,"AUTHENTIC WARLI TRIBAL ART: This tray showcases a meticulously hand-painted Warli scene, depicting the rhythmic life of a traditional farming village. The ancient stick-figure style tells a story of h",https://m.media-amazon.com/images/I/617Vv0B06YL.jpg,https://m.media-amazon.com/images/I/71S8kKhzgtL.jpg,https://m.media-amazon.com/images/I/713JnnhVSTL.jpg,https://m.media-amazon.com/images/I/71AEKPco0BL.jpg,https://m.media-amazon.com/images/I/7141bl0o4KL.jpg
"Hand-Painted Wooden Bark Tray, Ethnic Tribal Lady Portrait Art, Natural Live-Edge Wood Decorative Platter, Colorful African-Inspired Wall Art or Table Decor, Unique Artisan Gift",WT002,Artisan,Warli & Tribal,folk-heritage,Traditional,Hand Painted,,Wood,Brown,M,,,899,2999,1,,Yes,No,No,No,Yes,,"NATURAL LIVE-EDGE BARK: Each tray is carved from a real wood log slice, preserving the authentic rough bark on the outer edges. This ""live-edge"" look brings a raw, organic element of nature directly i",https://m.media-amazon.com/images/I/61MjIXmzdfL.jpg,https://m.media-amazon.com/images/I/71qfZE9wPxL.jpg,https://m.media-amazon.com/images/I/71ACt2LXIfL.jpg,https://m.media-amazon.com/images/I/71CYpOFtc4L.jpg,https://m.media-amazon.com/images/I/71eu4sm2ChL.jpg
"Handcrafted Moon Shape Wooden Serving Tray for Tea & Snacks, Decorative Kitchen Tray for Dining Table & Unique Home Decor Styling",Wooden Moon Tray_PR,Woodcraft,Trays & Platters,earthy-tones,Classic,,,Wood,Multicolor,Small,,,799,2999,1,,No,No,No,No,Yes,,Features moon shape adding a unique visual identity,https://m.media-amazon.com/images/I/61IS0+rZaNL.jpg,https://m.media-amazon.com/images/I/71i9kqtGkHL.jpg,https://m.media-amazon.com/images/I/71hhCzmZzzL.jpg,https://m.media-amazon.com/images/I/715cDBRBfNL.jpg,https://m.media-amazon.com/images/I/71r7-95Dy6L.jpg
"Large Wooden Round Serving Tray with Handles | Multipurpose Tea & Snack Tray for Kitchen, Dining Table & Coffee Table | Durable Wooden Serving Platter with Grip",Wooden Round Tray Large With Handle,Woodcraft,Trays & Platters,earthy-tones,Traditional,,,Wood,Brown,12 Inch,,,490,999,50,,No,No,No,No,Yes,,"Large Round Design for Spacious Serving – Provides ample surface area to serve tea, coffee, snacks, breakfast, or multiple items comfortably in one tray.",https://m.media-amazon.com/images/I/71lKJOzEojL.jpg,https://m.media-amazon.com/images/I/61OwmifqCiL.jpg,https://m.media-amazon.com/images/I/71yn1WUY9kL.jpg,https://m.media-amazon.com/images/I/71jD6YqnfbL.jpg,https://m.media-amazon.com/images/I/61vr67YjYBL.jpg
"Wooden Round Serving Tray with Handles | Compact Tea & Snack Tray for Kitchen, Dining Table & Coffee Table | Multipurpose Wooden Tray with Easy Grip (10'X10"")",Wooden Round Tray Small With Handle,Woodcraft,Trays & Platters,earthy-tones,Traditional,,,Wood,Brown,10 Inch,,,399,999,90,,No,No,No,No,Yes,,"Large Round Design for Spacious Serving – Provides ample surface area to serve tea, coffee, snacks, breakfast, or multiple items comfortably in one tray.",https://m.media-amazon.com/images/I/71nf7kH9dYL.jpg,https://m.media-amazon.com/images/I/71C+78TEKQL.jpg,https://m.media-amazon.com/images/I/51XUXjLWpuL.jpg,https://m.media-amazon.com/images/I/712T8hSBj1L.jpg,https://m.media-amazon.com/images/I/71Q4GK3GQUL.jpg
"Fish Design Wooden Serving Tray for Tea & Snacks, Decorative Kitchen Tray for Dining Table & Home Decor Styling",Wooden Tray Fish_PR,Woodcraft,Trays & Platters,earthy-tones,Classic,,,Wood,Multicolor,Small,,,899,2999,1,,No,No,No,No,Yes,,Features fish art adding a unique visual identity,https://m.media-amazon.com/images/I/71OTAgmIJsL.jpg,https://m.media-amazon.com/images/I/71niMBuSwsL.jpg,https://m.media-amazon.com/images/I/71HMy7m3T9L.jpg,https://m.media-amazon.com/images/I/71QCoMpWxML.jpg,https://m.media-amazon.com/images/I/71qfQ3Y7cbL.jpg
"Wooden Serving Tray with Lady Deer Design, Decorative Tea & Snacks Tray for Dining Table, Kitchen & Home Decor Use",Wooden Tray Lady Deer_PR,Artisan,Folk Art Trays,folk-heritage,Classic,Hand Painted,,Wood,Multicolor,Small,,,899,2999,1,,Yes,No,No,No,Yes,,Features lady deer art adding a unique visual identity,https://m.media-amazon.com/images/I/615ZCYjvphL.jpg,https://m.media-amazon.com/images/I/71KoT-1kuWL.jpg,https://m.media-amazon.com/images/I/711kzI6J9dL.jpg,https://m.media-amazon.com/images/I/71yTFEZ-AqL.jpg,https://m.media-amazon.com/images/I/71rRD1fOUCL.jpg
"Striped Wooden Serving Tray for Tea & Snacks, Modern Kitchen Tray for Dining Table & Stylish Home Decor Item",Wooden Tray Stripes_PR,Woodcraft,Trays & Platters,earthy-tones,Classic,,,Wood,Multicolor,Small,,,899,2999,1,,No,No,No,No,Yes,,Features stripe tray adding a unique visual identity,https://m.media-amazon.com/images/I/719ZM79mapL.jpg,https://m.media-amazon.com/images/I/71bUm2Bw5EL.jpg,https://m.media-amazon.com/images/I/71+OEnOv9OL.jpg,https://m.media-amazon.com/images/I/71FMg6NAdWL.jpg,https://m.media-amazon.com/images/I/716Rga0Zs4L.jpg
"Wooden Serving Tray for Tea & Snacks, Decorative Kitchen Tray for Dining Table, Stylish Modern Home Decor & Gifting Item/Restaurant/Hotel/Office Organizers",Wooden Yellow Tray_PR,Woodcraft,Trays & Platters,earthy-tones,Classic,,,Wood,Multicolor,Small,,,899,1999,10,,No,No,No,No,Yes,,Features bright tray adding a unique visual identity,https://m.media-amazon.com/images/I/61lhI9Vsg4L.jpg,https://m.media-amazon.com/images/I/71e2rkJohKL.jpg,https://m.media-amazon.com/images/I/71KuaIpOddL.jpg,https://m.media-amazon.com/images/I/71tsEk92IeL.jpg,https://m.media-amazon.com/images/I/71qBP5Rdt4L.jpg
Hand-Painted African Art Woman black Ceramic Planter Hand Crafted Flower Pot for Indoor and Outdoor Plant Vase,1J-LBCS-ZRPT,Minimal,Decorative Pots,forest-nature,,Hand Painted,,,Multicolor,Medium,,,1599,2999,1,,Yes,No,No,No,Yes,,"Material: Made from ceramic and painted with vibrant, handcrafted details",https://m.media-amazon.com/images/I/51m6lfvAqIL.jpg,https://m.media-amazon.com/images/I/71u4IvXTvqL.jpg,https://m.media-amazon.com/images/I/71yXXlSnB9L.jpg,https://m.media-amazon.com/images/I/71-o23GZtGL.jpg,https://m.media-amazon.com/images/I/61mlpHwz4YL.jpg
Radiant Heritage Hand-Painted Ceramic Planter,E9-14DY-RKW7,Minimal,Decorative Pots,forest-nature,,Hand Painted,,,Multicolor,Medium,,,1699,2999,1,,Yes,No,No,No,Yes,,"Premium Quality Material – Crafted from high-quality ceramic with a smooth finish, ensuring durability and long-lasting shine for everyday or decorative use.",https://m.media-amazon.com/images/I/51Sj8v2GRIL.jpg,https://m.media-amazon.com/images/I/71f2SKT0WLL.jpg,https://m.media-amazon.com/images/I/61YamPycJJL.jpg,https://m.media-amazon.com/images/I/71ANp51oiuL.jpg,https://m.media-amazon.com/images/I/719mvp2kJcL.jpg
Royal Jhumka Hand-Painted Ceramic Planter | Mughal-Inspired Tapered Vase for Indoor & Outdoor Décor,K1-ZS34-TOSF,Minimal,Decorative Pots,forest-nature,,Hand Painted,,,Multicolor,Medium,,,1999,2999,1,,Yes,No,No,No,Yes,,"Material: Made from ceramic and painted with vibrant, handcrafted details",https://m.media-amazon.com/images/I/61RFOvNK6dL.jpg,https://m.media-amazon.com/images/I/71le9i046VL.jpg,https://m.media-amazon.com/images/I/71qbIkQk8IL.jpg,https://m.media-amazon.com/images/I/71LqsNA8nqL.jpg,https://m.media-amazon.com/images/I/71BV-8PxZyL.jpg
"Ceramic Wall Decor Plate with Cow Design, Artistic Hanging Plate for Living Room, Hallway & Traditional Home Decoration (Orange)",Ceramic Plate Orange Cow_PR,Artisan,Painted Wooden Decor,handcrafted-india,,Hand Painted,,Ceramic,Multicolor,Small,,,1299,2999,1,,Yes,No,No,No,Yes,,Features cow yellow art adding a unique visual identity,https://m.media-amazon.com/images/I/613lk1qjMPL.jpg,https://m.media-amazon.com/images/I/71fQ8Tf25wL.jpg,https://m.media-amazon.com/images/I/71W+fBmdKiL.jpg,https://m.media-amazon.com/images/I/71uZLIATklL.jpg,https://m.media-amazon.com/images/I/71fZxRhTwuL.jpg
"Ceramic Wall Decor Plate with Cow Design, Artistic Hanging Plate for Living Room, Hallway & Traditional Home Decoration (Red)",Ceramic Plate Red Cow_PR,Artisan,Painted Wooden Decor,handcrafted-india,,Hand Painted,,Ceramic,Multicolor,Small,,,1299,2999,1,,Yes,No,No,No,Yes,,Features cow yellow art adding a unique visual identity,https://m.media-amazon.com/images/I/614W-k15GBL.jpg,https://m.media-amazon.com/images/I/71BM5o8spJL.jpg,https://m.media-amazon.com/images/I/71HMYiWIDIL.jpg,https://m.media-amazon.com/images/I/71c74929mkL.jpg,https://m.media-amazon.com/images/I/71UzUh8+x2L.jpg
"Ceramic Decorative Wall Plate with Yellow Cow Design, Artistic Hanging Plate for Living Room, Bedroom & Traditional Home Decor",Ceramic Plate Yellow Cow_PR,Artisan,Painted Wooden Decor,handcrafted-india,,Hand Painted,,Ceramic,Multicolor,Small,,,1299,2999,1,,Yes,No,No,No,Yes,,Features cow yellow art adding a unique visual identity,https://m.media-amazon.com/images/I/61aY98yPAkL.jpg,https://m.media-amazon.com/images/I/71TNuJVNclL.jpg,https://m.media-amazon.com/images/I/61iXJU5waxL.jpg,https://m.media-amazon.com/images/I/71d2CZaxmML.jpg,https://m.media-amazon.com/images/I/71E2UivsogL.jpg
"Ceramic Wall Decor Plate with Cow Design, Artistic Hanging Plate for Living Room, Hallway & Traditional Home Decoration",D7-Y8KT-ZXYK,Artisan,Painted Wooden Decor,handcrafted-india,,Hand Painted,,Ceramic,Multicolor,Small,,,1199,0,10,,Yes,No,No,No,Yes,,Features cow yellow art adding a unique visual identity,,,,,
Wooden Handpainted Copper Finish Jharokha | Traditional Jaipuri Style Wall Hanging Jharokha Showpiece | Decorative Home Decor,Jharokha01,Artisan,Painted Wooden Decor,handcrafted-india,,Hand Painted,,Wood,Brown,L,,,1095,3999,1,,Yes,No,No,No,Yes,,"Authentic Handcrafted Art: Each Jharokha is meticulously handcrafted by skilled artisans, ensuring that every piece is unique and carries the charm of traditional Indian craftsmanship",https://m.media-amazon.com/images/I/61UcYDMRfpL.jpg,https://m.media-amazon.com/images/I/81gYEOeOEPL.jpg,,,
"Wooden Jharokha Wall Decor Frame | Traditional Indian Window Style Wall Hanging for Living Room, Hallway & Home Decoration-Blue",LF/Blue Jharokhe,Artisan,Painted Wooden Decor,handcrafted-india,,Hand Painted,,Wood,Blue,Standard,,,489,999,85,,Yes,No,No,No,Yes,,"Traditional Jharokha Design with Vibrant Blue Finish – Inspired by classic Indian window architecture, enhanced with an eye-catching blue color that adds a royal and artistic touch.",https://m.media-amazon.com/images/I/611sf5IJc5L.jpg,https://m.media-amazon.com/images/I/71jy73zmEsL.jpg,https://m.media-amazon.com/images/I/71W-wGJpTxL.jpg,https://m.media-amazon.com/images/I/71-DpUF+l1L.jpg,https://m.media-amazon.com/images/I/71KSuwPnTZL.jpg
"Wooden Jharokha Wall Decor Frame | Traditional Indian Window Style Wall Hanging for Living Room, Hallway, Bedroom & Home Interior Decoration-Brown",LF/Brown Jharokhe,Artisan,Painted Wooden Decor,handcrafted-india,,Hand Painted,,Wood,Brown,Standard,,,589,999,70,,Yes,No,No,No,Yes,,"Classic Jharokha Design with Rich Brown Finish – Inspired by traditional Indian window architecture, finished in an elegant brown tone that adds warmth and heritage charm to your decor.",https://m.media-amazon.com/images/I/51taAym5QsL.jpg,https://m.media-amazon.com/images/I/714SDe1qBzL.jpg,https://m.media-amazon.com/images/I/61KKMpIPp+L.jpg,https://m.media-amazon.com/images/I/71EVKov4gtL.jpg,https://m.media-amazon.com/images/I/71Kfkf3UvVL.jpg
"Wooden Jharokha Wall Decor Frame | Traditional Indian Window Style Wall Hanging for Living Room, Hallway, Bedroom & Ethnic Home Decoration-Green",LF/Green Jharokhe,Artisan,Painted Wooden Decor,handcrafted-india,,Hand Painted,,Wood,Green,Standard,,,499,999,60,,Yes,No,No,No,Yes,,"Traditional Jharokha Design with Elegant Green Finish – Inspired by classic Indian window architecture, enhanced with a refreshing green tone that adds a vibrant ethnic touch to your decor.",https://m.media-amazon.com/images/I/61EsiHY0ASL.jpg,https://m.media-amazon.com/images/I/710IdjbaOsL.jpg,https://m.media-amazon.com/images/I/711mr1A5UDL.jpg,https://m.media-amazon.com/images/I/71ktJb0B2FL.jpg,https://m.media-amazon.com/images/I/71F-AZtdIGL.jpg
"Wooden Jharokha Wall Decor Frame, Traditional Indian Window Style Wall Hanging for Living Room, Hallway & Home Decoration",Wooden Jharokha_PR,Artisan,Painted Wooden Decor,handcrafted-india,,Hand Painted,,Wood,Brown,Small,,,1199,2999,1,,Yes,No,No,No,Yes,,Features jharokha art adding a unique visual identity,https://m.media-amazon.com/images/I/615qZ4QA-AL.jpg,https://m.media-amazon.com/images/I/71HJiTll-WL.jpg,https://m.media-amazon.com/images/I/713NMdu4KuL.jpg,https://m.media-amazon.com/images/I/71i83kJB6KL.jpg,https://m.media-amazon.com/images/I/71vU34WKJxL.jpg
"Wooden Slipper Shape Decorative Showpiece for Home Entrance & Living Room, Unique Ethnic Floor Decor Item for Traditional Home Styling",Wooden Slipper Decor_PR,Artisan,Painted Wooden Decor,handcrafted-india,,Hand Painted,,Wood,Multicolor,Small,,,999,2999,1,,Yes,No,No,No,Yes,,Features slipper design adding a unique visual identity,https://m.media-amazon.com/images/I/61F8M76V1vL.jpg,https://m.media-amazon.com/images/I/71Jd-oLZhhL.jpg,https://m.media-amazon.com/images/I/71eCIkduRDL.jpg,https://m.media-amazon.com/images/I/71r1+JcD9kL.jpg,https://m.media-amazon.com/images/I/71PSeph3LVL.jpg
"Handcrafted Hanging Bell Wind Chime for Home Entrance – Evil Eye Ceramic Bells with Wooden Ring & Black Braided Cord, Decorative Door Wall Hanging for Positive Energy, Vastu Protection & Gift Item",AWH-EYE-BLK-3B-28,Minimal,Wind Chimes,boho-living,Modern,,,Ceramic (Handcrafted Bells),Black Blue White Natural Wood,Standard,,,669,1899,59,,No,No,No,No,Yes,,Handcrafted hanging bell wind chime designed to enhance home decor with a traditional and elegant look,https://m.media-amazon.com/images/I/514ESEInzsL.jpg,https://m.media-amazon.com/images/I/71cAs1Lv4XL.jpg,https://m.media-amazon.com/images/I/71-K8IBuc4L.jpg,https://m.media-amazon.com/images/I/71SSDkOk1mL.jpg,https://m.media-amazon.com/images/I/71bx+M4rbEL.jpg
"Handcrafted Hanging Bell Wind Chime for Home Entrance – Evil Eye Ceramic Bells with Multicolor Beads & Wooden Ring, Decorative Door Wall Hanging for Positive Energy, Vastu Protection & Gift Item",AWH-MULTI-3B-27,Minimal,Wind Chimes,boho-living,Modern,,,Ceramic (Handcrafted Bells),Blue White Natural Wood,Standard,,,679,1899,59,,No,No,No,No,Yes,,Handcrafted hanging bell wind chime designed to enhance home decor with a traditional and elegant look,https://m.media-amazon.com/images/I/517EVSfyeEL.jpg,https://m.media-amazon.com/images/I/71KQD7aKzuL.jpg,https://m.media-amazon.com/images/I/61NLasiFcNL.jpg,https://m.media-amazon.com/images/I/71TFsJYFL9L.jpg,https://m.media-amazon.com/images/I/71K4CEr1b7L.jpg
"Handcrafted Hanging Bell Wind Chime for Home Entrance – Evil Eye Ceramic Bell with Wooden Ring & Blue Braided Cord, Decorative Door Wall Hanging for Positive Energy, Vastu Protection & Gift Item",AWHBLU128,Minimal,Wind Chimes,boho-living,Modern,,,Ceramic,"Blue, White & Multicolor Floral with Natural Wood",Standard,,,399,999,59,,No,No,No,No,Yes,,Handcrafted hanging bell wind chime designed to enhance home decor with a natural and elegant look,https://m.media-amazon.com/images/I/51FMIy4Tl+L.jpg,https://m.media-amazon.com/images/I/71ogRDCURnL.jpg,https://m.media-amazon.com/images/I/61fm0MC2bZL.jpg,https://m.media-amazon.com/images/I/71HMF+dGm2L.jpg,https://m.media-amazon.com/images/I/71TXSXXM+jL.jpg
"Handcrafted Hanging Bell Wind Chime for Home Entrance – Floral Ceramic Bell with Wooden Ring & Green Braided Cord, Decorative Door Wall Hanging for Positive Energy, Vastu Decor & Gift Item",AWHGRN125,Minimal,Wind Chimes,boho-living,Modern,,,Ceramic,"Green, White & Multicolor Floral with Natural Wood",Standard,,,399,999,50,,No,No,No,No,Yes,,Handcrafted hanging bell wind chime designed to enhance home decor with a natural and elegant look,https://m.media-amazon.com/images/I/51QLgVqmflL.jpg,https://m.media-amazon.com/images/I/71Sm23iLhJL.jpg,https://m.media-amazon.com/images/I/6181w7VBW9L.jpg,https://m.media-amazon.com/images/I/71OZliind2L.jpg,https://m.media-amazon.com/images/I/71lUEpP5tuL.jpg
"Handcrafted Hanging Bell Wind Chime for Home Entrance – Floral Ceramic Bell with Wooden Ring & Red Braided Cord, Decorative Door Wall Hanging for Positive Energy, Vastu Decor & Gift Item",AWHRED128,Minimal,Wind Chimes,boho-living,Modern,,,Ceramic,"Red, White & Multicolor Floral with Natural Wood",Standard,,,395,999,60,,No,No,No,No,Yes,,Handcrafted hanging bell wind chime designed to enhance home decor with a natural and elegant look,https://m.media-amazon.com/images/I/51IZDqtIeML.jpg,https://m.media-amazon.com/images/I/61WKJu3SESL.jpg,https://m.media-amazon.com/images/I/61Xkr+HLZaL.jpg,https://m.media-amazon.com/images/I/7188Fcud+CL.jpg,https://m.media-amazon.com/images/I/71IOKYf8aXL.jpg
"Handcrafted Hanging Bell Wind Chime for Home Entrance – Ceramic Heart Design Bells with Wooden Beads & Red Cord, Decorative Door Wall Hanging for Positive Energy, Vastu Decor & Gift Item",AWHRED325INCH,Minimal,Wind Chimes,boho-living,Modern,,,Ceramic (Handcrafted Bells),Red White Natural Wood,Standard,,,689,1899,59,,No,No,No,No,Yes,,Handcrafted hanging bell wind chime designed to enhance home decor with a traditional and elegant look,https://m.media-amazon.com/images/I/51LdrNKX4fL.jpg,https://m.media-amazon.com/images/I/71Ijym3ImzL.jpg,https://m.media-amazon.com/images/I/61vjvVCztpL.jpg,https://m.media-amazon.com/images/I/71tr1hMg2ZL.jpg,https://m.media-amazon.com/images/I/71HX23pzvLL.jpg
"Handcrafted Hanging Bell Wind Chime for Home Entrance - Ceramic Heart Bells with Wooden Ring & Red Braided Cord, Vastu Positive Energy Door Wall Decor & Unique Gift Item",AWHRED328,Minimal,Wind Chimes,boho-living,Modern,,,Ceramic (Handcrafted Bells),Red White Natural Wood,Standard,,,669,1899,5,,No,No,No,No,Yes,,"Decorative Hanging Bell Wind Chime with Wooden Ring & Braided Rope – Ceramic Heart Bells for Home Decor, Door Entrance & Good Luck Vastu Gift",https://m.media-amazon.com/images/I/51zdN8gjAoL.jpg,https://m.media-amazon.com/images/I/71fKHXDxJyL.jpg,https://m.media-amazon.com/images/I/71IRFUXn7VL.jpg,https://m.media-amazon.com/images/I/71Xpvj111UL.jpg,https://m.media-amazon.com/images/I/71O4mZQPE-L.jpg
